{
  "saved_at_utc": "2026-01-03T02:03:40.380808+00:00",
  "hyperparameters": {
    "n_estimators": 303,
    "max_depth": 3,
    "learning_rate": 0.025804128675632063,
    "subsample": 0.8195813251971584,
    "colsample_bytree": 0.8679837743919511,
    "min_child_weight": 5.752474048688939,
    "gamma": 4.023564544443175,
    "reg_alpha": 0.0012107372402440878,
    "reg_lambda": 4.578999401726167
  },
  "scale_pos_weight": 2.863863447127394,
  "feature_count": 50,
  "pruning_target": 50,
  "metrics": {
    "validation_average_precision": 0.652913093952699,
    "test_average_precision": 0.738590822412902,
    "test_roc_auc": 0.8801769118600077,
    "test_precision": 0.5166360140444741,
    "test_recall": 0.846884706742189
  }
}