{
  "logloss": 0.5348209692711111,
  "accuracy": 0.7728740331235047,
  "precision": 0.5351659923516044,
  "recall": 0.8740834615732778,
  "f1": 0.6638707459608113,
  "positive_rate": 0.4191075700912871,
  "roc_auc": 0.9035388960896047
}