{
  "horizon_hours": 6,
  "metrics": {
    "watch_raw": {
      "precision": 0.5351659923516044,
      "recall": 0.8740834615732778,
      "positive_rate": 0.4191075700912871
    },
    "warning_raw": {
      "precision": 0.5931180799575682,
      "recall": 0.8098126188105368,
      "positive_rate": 0.3503519082019001
    },
    "watch_confirmed": {
      "precision": 0.5470198675496689,
      "recall": 0.8598714583144745,
      "positive_rate": 0.4033588069963532
    },
    "warning_confirmed": {
      "precision": 0.6071651306215785,
      "recall": 0.7931565130804743,
      "positive_rate": 0.3352070799749135
    },
    "watch_final": {
      "precision": 0.542367477082503,
      "recall": 0.6159138227573097,
      "positive_rate": 0.29139857378458106
    },
    "warning_final": {
      "precision": 0.6017047655947307,
      "recall": 0.5623246130171087,
      "positive_rate": 0.239808599103389
    }
  }
}