{
  "label": "severity_label_binary",
  "horizon_hours": 2,
  "watch_threshold": 0.6499999999999999,
  "warning_threshold": 0.7449999999999999
}