{
  "horizon_hours": 2,
  "metrics": {
    "watch_raw": {
      "precision": 0.546375118232905,
      "recall": 0.8889291210283334,
      "positive_rate": 0.41744280571362213
    },
    "warning_raw": {
      "precision": 0.6017934241115909,
      "recall": 0.8201321625780755,
      "positive_rate": 0.3496690279874579
    },
    "watch_confirmed": {
      "precision": 0.559837962962963,
      "recall": 0.8757128632207839,
      "positive_rate": 0.4013471141563117
    },
    "warning_confirmed": {
      "precision": 0.6157956832535221,
      "recall": 0.803204489906762,
      "positive_rate": 0.3346649634188828
    },
    "watch_final": {
      "precision": 0.5529817249118307,
      "recall": 0.624513442563592,
      "positive_rate": 0.28976890024387414
    },
    "warning_final": {
      "precision": 0.6087843746963366,
      "recall": 0.5671222956458767,
      "positive_rate": 0.23901985832075254
    }
  }
}