{
  "logloss": 0.5005716921382376,
  "accuracy": 0.7821391243757984,
  "precision": 0.546375118232905,
  "recall": 0.8889291210283334,
  "f1": 0.6767746381805652,
  "positive_rate": 0.41744280571362213,
  "roc_auc": 0.9129743057582214
}