{
  "saved_at_utc": "2026-01-08T19:06:15.564378+00:00",
  "hyperparameters": {
    "n_estimators": 641,
    "max_depth": 3,
    "learning_rate": 0.08424286310782078,
    "subsample": 0.8018216214196175,
    "colsample_bytree": 0.7875233614073527,
    "min_child_weight": 5.3350791241315605,
    "gamma": 4.156198409691373,
    "reg_alpha": 0.001793517574276323,
    "reg_lambda": 0.7672504779822853
  },
  "scale_pos_weight": 2.863863447127394,
  "feature_count": 50,
  "pruning_target": 50,
  "metrics": {
    "validation_average_precision": 1.0,
    "test_average_precision": 1.0,
    "test_roc_auc": 0.8208123332445467,
    "test_precision": 0.3152208823615288,
    "test_recall": 0.986296363968573
  }
}