{
  "log_xrsb_slope_6h": {
    "method": "z",
    "mean": 0.0007119640690441944,
    "std": 0.1042162835465169
  },
  "log_xrsb_std_6h": {
    "method": "z",
    "mean": 0.1288283732967105,
    "std": 0.26292965628650955
  },
  "log_xrsa_slope_6h": {
    "method": "z",
    "mean": 0.0005639486675049751,
    "std": 0.13516430628790604
  },
  "log_xrsb": {
    "method": "z",
    "mean": -7.139956396367124,
    "std": 1.9085603016242318
  },
  "log_xrsa_mean_6h": {
    "method": "z",
    "mean": -8.42622672378176,
    "std": 1.3865456905294404
  },
  "log_xrsa": {
    "method": "z",
    "mean": -8.42158520902606,
    "std": 1.446176961795806
  },
  "xrs_hardness": {
    "method": "z",
    "mean": 1.2816288126589372,
    "std": 0.9250466242422617
  },
  "log_xrsa_std_6h": {
    "method": "z",
    "mean": 0.2753978496172412,
    "std": 0.3395043560762392
  },
  "log_xrsb_mean_6h": {
    "method": "z",
    "mean": -7.142677590475356,
    "std": 1.8882497740832491
  },
  "peak_to_bg_24h_xrsa": {
    "method": "log_z",
    "mean": -7.463043407696359,
    "std": 13.325920014037543
  },
  "peak_to_bg_24h_xrsb": {
    "method": "log_z",
    "mean": -10.93222848236503,
    "std": 15.076103923536992
  },
  "hrs_since_rapid_rise_xrsa": {
    "method": "log1p_z",
    "mean": 2.461202663154196,
    "std": 2.028279151932707
  },
  "hrs_since_rapid_rise_xrsb": {
    "method": "log1p_z",
    "mean": 3.25621499853679,
    "std": 1.769980447061104
  }
}