{
  "log_xrsa": {
    "method": "z",
    "mean": -7.852599892731679,
    "std": 0.9373460289385797
  },
  "log_xrsa_mean_6h": {
    "method": "z",
    "mean": -7.858052238260888,
    "std": 0.8070628409478351
  },
  "log_xrsb_lag_1h": {
    "method": "z",
    "mean": -6.226235059455943,
    "std": 0.9135759578474648
  },
  "dlog_xrsa_1h": {
    "method": "z",
    "mean": 0.0031142110964396735,
    "std": 0.6558675795967258
  },
  "dlog_xrsb_1h": {
    "method": "z",
    "mean": 0.004410974710322591,
    "std": 0.4260328637494008
  },
  "log_xrsb": {
    "method": "z",
    "mean": -6.221824084745621,
    "std": 0.8969171558947903
  },
  "xrsa_to_xrsb_ratio_log": {
    "method": "z",
    "mean": -1.6307758079860575,
    "std": 0.6390484193470111
  },
  "log_xrsa_max_24h": {
    "method": "z",
    "mean": -6.663698025467466,
    "std": 0.8781693466326954
  },
  "log_xrsb_max_24h": {
    "method": "z",
    "mean": -5.541503738603781,
    "std": 0.757645414929874
  },
  "log_xrsb_slope_6h": {
    "method": "z",
    "mean": 0.0023242678865783455,
    "std": 0.14517786267491353
  },
  "log_xrsb_mean_6h": {
    "method": "z",
    "mean": -6.2291286728659205,
    "std": 0.8483336573071376
  },
  "log_xrsa_slope_6h": {
    "method": "z",
    "mean": 0.0017442802588064047,
    "std": 0.17810022641002451
  },
  "log_xrsa_lag_1h": {
    "method": "z",
    "mean": -7.855714103828118,
    "std": 0.9461344151189637
  },
  "xrs_hardness": {
    "method": "z",
    "mean": 1.6307758079860575,
    "std": 0.6390484193470111
  },
  "log_xrsb_peak_to_bg_24h": {
    "method": "log_z",
    "mean": -4.463026996824405,
    "std": 9.81131794350873
  },
  "log_xrsa_peak_to_bg_24h": {
    "method": "log_z",
    "mean": -3.4202682750969386,
    "std": 9.530168413372328
  },
  "hrs_since_rapid_rise_xrsb_24h": {
    "method": "log1p_z",
    "mean": 1.9418026594814313,
    "std": 0.8987614836621323
  },
  "hrs_since_rapid_rise_xrsa_24h": {
    "method": "log1p_z",
    "mean": 1.3151215577874813,
    "std": 0.8842350014489793
  }
}