{
  "log_f107": {
    "method": "z",
    "mean": 4.700733596665835,
    "std": 0.354177783754492
  },
  "f107_mean_24h": {
    "method": "z",
    "mean": 117.45986151868357,
    "std": 44.343812029563324
  },
  "f107_delta_24h": {
    "method": "z",
    "mean": -0.01555993585883873,
    "std": 16.637977236884044
  },
  "f107_std_72h": {
    "method": "z",
    "mean": 4.609746412562238,
    "std": 10.402752373088296
  },
  "log_f107_mean_24h": {
    "method": "z",
    "mean": 4.7007981720909875,
    "std": 0.3524223842740086
  },
  "f107_anomaly_72h": {
    "method": "z",
    "mean": -0.023339569279566885,
    "std": 13.323787438004478
  }
}