{
  "saved_at_utc": "2026-01-08T19:04:27.295959+00:00",
  "hyperparameters": {
    "n_estimators": 513,
    "max_depth": 7,
    "learning_rate": 0.06365963358204288,
    "subsample": 0.9350397205294212,
    "colsample_bytree": 0.7339721281153911,
    "min_child_weight": 1.5043187250468073,
    "gamma": 4.975342984931685,
    "reg_alpha": 0.11674817933130455,
    "reg_lambda": 2.8879123172982353
  },
  "scale_pos_weight": 2.863863447127394,
  "feature_count": 50,
  "pruning_target": 50,
  "metrics": {
    "validation_average_precision": 1.0,
    "test_average_precision": 1.0,
    "test_roc_auc": 0.8209229262375634,
    "test_precision": 0.29656113537117906,
    "test_recall": 0.9926913941165723
  }
}