{
  "horizon": 4,
  "feature_count": 50,
  "val_logloss": 0.00297842794816266,
  "val_average_precision": 1.0,
  "val_brier_score": 0.0005620581796392798,
  "best_params": {
    "n_estimators": 2257,
    "max_depth": 10,
    "learning_rate": 0.009076475111532673,
    "subsample": 0.5597503894662432,
    "colsample_bytree": 0.8088108091758549,
    "min_child_weight": 5.420668896813243,
    "gamma": 2.5662514560449043,
    "reg_alpha": 0.00039941422595331585,
    "reg_lambda": 8.196186388628472
  }
}