{
  "scale_pos_weight": 10.329068591032678,
  "val_logloss": 0.08995310767252361,
  "trial_number": 0
}