{
  "horizon": 6,
  "feature_count": 50,
  "val_logloss": 0.004094345281840871,
  "val_average_precision": 1.0,
  "val_brier_score": 0.0005889023886993527,
  "best_params": {
    "n_estimators": 2317,
    "max_depth": 11,
    "learning_rate": 0.0066390980702831556,
    "subsample": 0.8374807414298742,
    "colsample_bytree": 0.4437946772908722,
    "min_child_weight": 8.973171615711735,
    "gamma": 2.127699310134902,
    "reg_alpha": 0.3394802174723608,
    "reg_lambda": 4.727486944163369
  }
}