{
  "logloss": 0.5260926854268915,
  "accuracy": 0.7717643779615349,
  "precision": 0.5333115076117204,
  "recall": 0.8847650945958179,
  "f1": 0.6654864846462858,
  "positive_rate": 0.4256945089659017,
  "roc_auc": 0.9060553629719219
}