{
  "hours_since_last_flare": {
    "mean": 3.1004256059227435,
    "std": 2.9792698796941646
  },
  "flare_count_last_24h": {
    "mean": 1.9777915634178658,
    "std": 1.586394842300583
  },
  "flare_count_last_72h": {
    "mean": 2.802531234226211,
    "std": 1.9995678862515478
  },
  "flare_influence_exp": {
    "mean": 0.34353352799222053,
    "std": 0.28791076054996806
  },
  "last_flare_peak_flux": {
    "mean": -14.024310399654167,
    "std": 1.452559242991197
  },
  "last_flare_integrated_flux": {
    "mean": -6.980155279580063,
    "std": 1.6294466409749886
  }
}