{
  "dst_std_8h": {
    "mean": 4.75759085175772,
    "std": 5.057252889138516
  },
  "dst_delta_8h": {
    "mean": -2.117679866146124,
    "std": 15.921789798191185
  },
  "dst_derivative": {
    "mean": -0.016174010039040714,
    "std": 5.064795850469818
  }
}