{
  "reg_lambda": 0.02239122320826189,
  "reg_alpha": 9.062623863469743e-06,
  "gamma": 7.527196910552851,
  "min_child_weight": 1.8319337593308205,
  "subsample": 0.6315390677042578,
  "colsample_bytree": 0.7260316244239504,
  "learning_rate": 0.013534730668818953,
  "n_estimators": 1181,
  "max_depth": 3,
  "val_mae": 0.25290074944496155
}