{
  "logloss": 0.49763164749811445,
  "accuracy": 0.7787068004459309,
  "precision": 0.5414325459603949,
  "recall": 0.8984339639721192,
  "f1": 0.6756756756756757,
  "positive_rate": 0.42574786324786323,
  "roc_auc": 0.9142793493263215
}