{
  "horizon_hours": 1,
  "metrics": {
    "watch_raw": {
      "precision": 0.5414325459603949,
      "recall": 0.8984339639721192,
      "positive_rate": 0.42574786324786323
    },
    "warning_raw": {
      "precision": 0.5901660362843772,
      "recall": 0.8333484203856251,
      "positive_rate": 0.36229561501300633
    },
    "watch_confirmed": {
      "precision": 0.5539837030330467,
      "recall": 0.8862134516158233,
      "positive_rate": 0.4104422147900409
    },
    "warning_confirmed": {
      "precision": 0.6038921955460442,
      "recall": 0.8174164931655653,
      "positive_rate": 0.3472918989223337
    },
    "watch_final": {
      "precision": 0.5471801709938034,
      "recall": 0.6314836607223681,
      "positive_rate": 0.29610274990709773
    },
    "warning_final": {
      "precision": 0.5964469378214119,
      "recall": 0.5774418394134154,
      "positive_rate": 0.2483974358974359
    }
  }
}