{
  "max_depth": 3,
  "min_child_weight": 1.3022676346850128,
  "gamma": 0.24740704545742245,
  "subsample": 0.6854964270286836,
  "colsample_bytree": 0.8295987182869444,
  "learning_rate": 0.013534730668818953,
  "n_estimators": 1181,
  "early_stopping_rounds": 72,
  "val_mae": 0.25243157148361206
}