{
  "xrsa_to_xrsb_ratio_log": {
    "method": "z",
    "mean": -1.630152471360942,
    "std": 0.6396413785698866
  },
  "log_xrsb_mean_6h": {
    "method": "z",
    "mean": -6.2306671404747265,
    "std": 0.8531702502223227
  },
  "log_xrsa_slope_6h": {
    "method": "z",
    "mean": 0.0017309457046159344,
    "std": 0.17845336224747757
  },
  "log_xrsb_max_24h": {
    "method": "z",
    "mean": -5.541438156375355,
    "std": 0.7576729066080713
  },
  "xrs_hardness": {
    "method": "z",
    "mean": 1.630152471360942,
    "std": 0.6396413785698866
  },
  "log_xrsa": {
    "method": "z",
    "mean": -7.853583129657187,
    "std": 0.9400085314636011
  },
  "log_xrsa_mean_6h": {
    "method": "z",
    "mean": -7.858982298402035,
    "std": 0.809732973533256
  },
  "log_xrsb_lag_1h": {
    "method": "z",
    "mean": -6.227767192761526,
    "std": 0.9187479862450044
  },
  "log_xrsa_lag_1h": {
    "method": "z",
    "mean": -7.856648935054829,
    "std": 0.9486562737287271
  },
  "log_xrsb_slope_6h": {
    "method": "z",
    "mean": 0.002310637198104721,
    "std": 0.14631047727409122
  },
  "log_xrsb": {
    "method": "z",
    "mean": -6.223430658296244,
    "std": 0.9024273032536732
  },
  "log_xrsa_max_24h": {
    "method": "z",
    "mean": -6.6636426854698065,
    "std": 0.8782979006980874
  },
  "dlog_xrsa_1h": {
    "method": "z",
    "mean": 0.0030658053976428436,
    "std": 0.6562356026350273
  },
  "dlog_xrsb_1h": {
    "method": "z",
    "mean": 0.004336534465282528,
    "std": 0.42750146831348185
  },
  "log_xrsb_peak_to_bg_24h": {
    "method": "log_z",
    "mean": -4.471462771660197,
    "std": 9.825128511823875
  },
  "log_xrsa_peak_to_bg_24h": {
    "method": "log_z",
    "mean": -3.430276823324364,
    "std": 9.546410556004844
  },
  "hrs_since_rapid_rise_xrsa_24h": {
    "method": "log1p_z",
    "mean": 1.3154985478274606,
    "std": 0.8843923520210077
  },
  "hrs_since_rapid_rise_xrsb_24h": {
    "method": "log1p_z",
    "mean": 1.9416819044239497,
    "std": 0.8987420505536048
  }
}