{
  "density": {
    "method": "log_z",
    "mean": -3.302085624778472,
    "std": 7.142565137558349
  },
  "dynamic_pressure": {
    "method": "log_z",
    "mean": -13.450429838793927,
    "std": 0.48849015008606994
  },
  "pdyn_max_6h": {
    "method": "log_z",
    "mean": -13.31987658823913,
    "std": 0.5781977770590616
  },
  "newell_int_6h": {
    "method": "log_z",
    "mean": 9.753262786432535,
    "std": 2.240308602490431
  },
  "bz_gse": {
    "method": "z",
    "mean": 0.011289907397178306,
    "std": 2.9445286857598956
  },
  "bt": {
    "method": "z",
    "mean": 5.926579604044733,
    "std": 3.199381203357418
  },
  "speed": {
    "method": "z",
    "mean": 429.28526806106356,
    "std": 111.76060611314675
  },
  "clock_angle": {
    "method": "z",
    "mean": -0.0003846536998967953,
    "std": 1.7337263454352603
  },
  "ey": {
    "method": "z",
    "mean": -7.799645666203676,
    "std": 1355.7835140702093
  },
  "delta_bz": {
    "method": "z",
    "mean": -2.2756591195415512e-05,
    "std": 2.2798143259176884
  },
  "bz_min_6h": {
    "method": "z",
    "mean": -2.0733195281379446,
    "std": 2.8038567877544542
  },
  "bz_south_frac_6h": {
    "method": "z",
    "mean": 0.4969989288679593,
    "std": 0.3225341180637055
  },
  "ey_mean_6h": {
    "method": "z",
    "mean": -7.822015238671712,
    "std": 1024.1644545433478
  }
}