{
  "density_mean_8h": {
    "method": "log_z",
    "mean": -2.6310475844578325,
    "std": 6.7747679266378205
  },
  "vbs_int_6h": {
    "method": "log_z",
    "mean": 4.229660508893639,
    "std": 7.5548472951251915
  },
  "newell_dphi_dt_int_6h": {
    "method": "log_z",
    "mean": 9.752835434684144,
    "std": 2.229108632621163
  },
  "epsilon_max_6h": {
    "method": "log_z",
    "mean": 8.58475252768328,
    "std": 2.3434180312018067
  },
  "pdyn_max_3h": {
    "method": "log_z",
    "mean": -13.38674720323444,
    "std": 0.5344772504345171
  },
  "speed_mean_8h": {
    "method": "z",
    "mean": 429.28412188567296,
    "std": 109.48314785831133
  },
  "hours_bz_south_last_8h": {
    "method": "z",
    "mean": 3.9758657405060083,
    "std": 2.369550784519684
  },
  "bz_turning_rate_3h": {
    "method": "z",
    "mean": 1.4631141619390302,
    "std": 1.3967781330852584
  },
  "bt_mean_6h": {
    "method": "z",
    "mean": 5.925394732403094,
    "std": 3.0550943173549494
  },
  "bz_std_6h": {
    "method": "z",
    "mean": 1.5989063200012135,
    "std": 1.305225513107503
  },
  "delta_speed": {
    "method": "z",
    "mean": 0.1779992662704687,
    "std": 20.41291486392213
  }
}