{
  "density": {
    "method": "log_z",
    "mean": -3.302085624778472,
    "std": 7.142565137558349
  },
  "dynamic_pressure": {
    "method": "log_z",
    "mean": -13.450429838793927,
    "std": 0.48849015008606994
  },
  "pdyn_max_6h": {
    "method": "log_z",
    "mean": -13.31987658823913,
    "std": 0.5781977770590616
  },
  "newell_int_6h": {
    "method": "log_z",
    "mean": -13.242241272503902,
    "std": 3.6575212451692547
  },
  "bz_gse": {
    "method": "z",
    "mean": -0.0042173135092424185,
    "std": 0.43721707489206185
  },
  "bt": {
    "method": "z",
    "mean": 5.926579604044733,
    "std": 3.199381203357418
  },
  "speed": {
    "method": "z",
    "mean": 429.28526806106356,
    "std": 111.76060611314675
  },
  "clock_angle": {
    "method": "z",
    "mean": 0.01015789218730884,
    "std": 0.27601071911744635
  },
  "ey": {
    "method": "z",
    "mean": 2.3808682062324937,
    "std": 201.98606975204692
  },
  "delta_bz": {
    "method": "z",
    "mean": 8.77398690167919e-06,
    "std": 0.33062289786251886
  },
  "bz_min_6h": {
    "method": "z",
    "mean": -0.05348665684180291,
    "std": 0.5231365123209257
  },
  "bz_south_frac_6h": {
    "method": "z",
    "mean": 0.012529287116204095,
    "std": 0.09564820211208382
  },
  "ey_mean_6h": {
    "method": "z",
    "mean": 2.386007868891957,
    "std": 155.24743849647396
  }
}