{
  "saved_at_utc": "2026-01-08T19:08:13.891110+00:00",
  "hyperparameters": {
    "n_estimators": 627,
    "max_depth": 6,
    "learning_rate": 0.04087044138850166,
    "subsample": 0.8170425671470005,
    "colsample_bytree": 0.608391870430854,
    "min_child_weight": 7.686931945460413,
    "gamma": 0.033352091609072376,
    "reg_alpha": 0.02337381980761913,
    "reg_lambda": 3.3487994035675688
  },
  "scale_pos_weight": 2.863863447127394,
  "feature_count": 50,
  "pruning_target": 50,
  "metrics": {
    "validation_average_precision": 1.0,
    "test_average_precision": 1.0,
    "test_roc_auc": 0.8295218444007002,
    "test_precision": 0.299084743893698,
    "test_recall": 0.9911383153663439
  }
}