{
  "ap_sum_8h": {
    "method": "log1p_z",
    "mean": 3.934417048395525,
    "std": 1.0589626932676974
  },
  "ap_max_8h": {
    "method": "log1p_z",
    "mean": 2.3786334002139027,
    "std": 0.8744523751310328
  },
  "kp_delta_6h": {
    "method": "z",
    "mean": -0.008890533894437965,
    "std": 1.082766975543392
  },
  "kp_accel": {
    "method": "z",
    "mean": -0.07122101100238301,
    "std": 1.3234837518213858
  },
  "kp_hours_above_5": {
    "method": "z",
    "mean": 0.24382700400547583,
    "std": 1.1138523551835948
  }
}