{
  "ssn_log": {
    "mean": 3.675770857281101,
    "std": 1.6100552333271532
  },
  "ssn_mean_81d": {
    "mean": 78.78524359938015,
    "std": 56.611414399577406
  },
  "ssn_lag_81d": {
    "mean": 79.22046445593753,
    "std": 65.83894339379958
  },
  "ssn_slope_27d": {
    "median": 0.012002772068787327,
    "iqr": 2.011909496558332
  },
  "ssn_persistence": {
    "mean": 1.0229745283570382,
    "std": 1.4474398171699496
  }
}