{
  "saved_at_utc": "2026-01-10T16:48:42.171807+00:00",
  "hyperparameters": {
    "n_estimators": 485,
    "max_depth": 4,
    "learning_rate": 0.07544779667230143,
    "subsample": 0.807582456536603,
    "colsample_bytree": 0.8726440166924964,
    "min_child_weight": 2.841123798358071,
    "gamma": 1.898567388031029,
    "reg_alpha": 1.5139747898092108e-06,
    "reg_lambda": 3.8841480507250585
  },
  "scale_pos_weight": 2.863863447127394,
  "feature_count": 20,
  "pruning_target": 20,
  "metrics": {
    "validation_average_precision": 0.4570150424399939,
    "test_average_precision": 1.0,
    "test_roc_auc": 0.8424084772567666,
    "test_precision": 0.5716563330380868,
    "test_recall": 0.5896217796455326
  }
}