{
  "reg_lambda": 27.248237894737745,
  "reg_alpha": 0.6417790737631337,
  "gamma": 5.744256985042985,
  "min_child_weight": 11.502788441794403,
  "subsample": 0.7558551487720736,
  "colsample_bytree": 0.750930910333603,
  "learning_rate": 0.007137101939123591,
  "n_estimators": 807,
  "max_depth": 4,
  "val_logloss": 0.07912151336461644
}