{
  "log_f107": {
    "method": "z",
    "mean": 4.701428592430286,
    "std": 0.3544306349635724
  },
  "f107_mean_8h": {
    "method": "z",
    "mean": 117.47390020832275,
    "std": 44.58456506727004
  },
  "f107_std_8h": {
    "method": "z",
    "mean": 1.9871070321651754,
    "std": 11.057921666641871
  },
  "f107_delta_8h": {
    "method": "z",
    "mean": 0.025282760022356514,
    "std": 17.861010184463936
  }
}