{
  "mae": 0.4207242429256439,
  "rmse": 0.6526558637629292,
  "residual_mean": 0.0619211308658123,
  "residual_std": 0.6497117877006531,
  "max_residual": 6.5986409187316895,
  "min_residual": -18.059146881103516,
  "worst_error": -18.059146881103516,
  "worst_index": 29416
}