{
  "irradiance_xrsa1": {
    "mean": 9.635982696138739e-08,
    "std": 2.0858783900155595e-06
  },
  "irradiance_xrsa2": {
    "mean": 9.635982696138739e-08,
    "std": 2.0858783900155595e-06
  },
  "irradiance_xrsb1": {
    "mean": 1.165701730384272e-06,
    "std": 7.553702958099458e-06
  },
  "irradiance_xrsb2": {
    "mean": 1.165701730384272e-06,
    "std": 7.553702958099458e-06
  },
  "xrs_ratio": {
    "mean": 78.91206009584047,
    "std": 100.60870307455845
  },
  "log_xrsa": {
    "mean": -8.425781099268354,
    "std": 1.4456416091586992
  },
  "log_xrsb": {
    "mean": -7.1428137851940665,
    "std": 1.908629736601386
  },
  "xrs_hardness": {
    "mean": 1.2829673140742877,
    "std": 0.9288240961081533
  },
  "dlog_xrsb": {
    "mean": -5.8315575113939185e-06,
    "std": 0.32331997489487907
  },
  "d2log_xrsb": {
    "mean": 6.540916435517049e-07,
    "std": 0.49332117772116807
  },
  "log_xrsb_mean_6h": {
    "mean": -7.142796243742476,
    "std": 1.8890768204205408
  },
  "log_xrsb_std_6h": {
    "mean": 0.12940397361832895,
    "std": 0.2690537248778075
  },
  "log_xrsb_max_24h": {
    "mean": -6.696622301454933,
    "std": 2.0414510223181193
  },
  "log_xrsb_slope_6h": {
    "mean": -7.582345369593806e-06,
    "std": 0.10923927154540897
  },
  "peak_to_bg_24h": {
    "mean": 0.322392077605873,
    "std": 0.8689989009888353
  },
  "hrs_since_rapid_rise": {
    "mean": 147.78969051255888,
    "std": 417.9879077887809
  },
  "log_xrsb_lag_1h": {
    "mean": -7.142807953636555,
    "std": 1.9086318050999989
  }
}