{
  "logloss": 0.5110843069178235,
  "accuracy": 0.7763274027964882,
  "precision": 0.538688363457653,
  "recall": 0.8930026251470987,
  "f1": 0.6720027247956403,
  "positive_rate": 0.42534956101639804,
  "roc_auc": 0.9112501002562836
}