{
  "hours_since_last_cme": {
    "method": "log_z",
    "mean": 2.4253331136197174,
    "std": 1.359651254773356
  },
  "last_cme_v_med": {
    "method": "log_z",
    "mean": 6.187289994029012,
    "std": 0.6268383851628648
  },
  "last_cme_shock_proxy": {
    "method": "log_z",
    "mean": 4.638751500242868,
    "std": 1.0060978674092964
  },
  "min_hours_since_last_cme_6h": {
    "method": "log_z",
    "mean": 1.8835420040938777,
    "std": 1.6245683588492081
  },
  "max_last_cme_v_med_12h": {
    "method": "log_z",
    "mean": 6.21035691529419,
    "std": 0.6182752732462333
  },
  "max_last_cme_shock_proxy_6h": {
    "method": "log_z",
    "mean": 4.6598645848743026,
    "std": 0.9944088728941431
  },
  "effective_width": {
    "method": "z",
    "mean": 8.70551736816302,
    "std": 16.19404873867184
  },
  "cme_influence_exp": {
    "method": "z",
    "mean": 0.66863478195423,
    "std": 0.3024882649610223
  },
  "mean_cme_influence_exp_12h": {
    "method": "z",
    "mean": 0.6686267547595451,
    "std": 0.2837065685360001
  }
}