{
  "columns": [
    "dst",
    "dst_lag_1",
    "dst_lag_2",
    "dst_lag_3",
    "dst_lag_4",
    "dst_lag_5",
    "dst_lag_6",
    "dst_lag_7",
    "dst_lag_8",
    "dst_lag_9",
    "dst_lag_10",
    "dst_lag_11",
    "dst_lag_12",
    "dst_mean_6h",
    "dst_std_6h",
    "dst_derivative"
  ],
  "mean": {
    "dst": -7.966896315686063,
    "dst_lag_1": -7.96688997762665,
    "dst_lag_2": -7.9668646253889985,
    "dst_lag_3": -7.9668075828542815,
    "dst_lag_4": -7.966750540319565,
    "dst_lag_5": -7.966712511963087,
    "dst_lag_6": -7.9666808216660225,
    "dst_lag_7": -7.9666618074877835,
    "dst_lag_8": -7.966668145547196,
    "dst_lag_9": -7.966693497784848,
    "dst_lag_10": -7.966706173903674,
    "dst_lag_11": -7.966725188081913,
    "dst_lag_12": -7.966731526141326,
    "dst_mean_6h": -7.966820258973107,
    "dst_std_6h": 3.380289766971534,
    "dst_derivative": -6.338059412968937e-06
  },
  "std": {
    "dst": 17.082357998626275,
    "dst_lag_1": 17.08236114011336,
    "dst_lag_2": 17.0823699957165,
    "dst_lag_3": 17.082384911747315,
    "dst_lag_4": 17.082399827574623,
    "dst_lag_5": 17.082401979698574,
    "dst_lag_6": 17.082406555801818,
    "dst_lag_7": 17.082412640711617,
    "dst_lag_8": 17.08240987034943,
    "dst_lag_9": 17.082398046810656,
    "dst_lag_10": 17.08239361914862,
    "dst_lag_11": 17.08238864727637,
    "dst_lag_12": 17.082386989980595,
    "dst_mean_6h": 16.307668706657136,
    "dst_std_6h": 4.428850609930936,
    "dst_derivative": 6.122897847826945
  }
}