{
  "columns": [
    "dst",
    "dst_lag_1",
    "dst_lag_2",
    "dst_lag_3",
    "dst_lag_4",
    "dst_lag_5",
    "dst_lag_6",
    "dst_lag_7",
    "dst_lag_8",
    "dst_lag_9",
    "dst_lag_10",
    "dst_lag_11",
    "dst_lag_12",
    "dst_mean_6h",
    "dst_std_6h",
    "dst_derivative"
  ],
  "mean": {
    "dst": -12.953301178245244,
    "dst_lag_1": -12.953294840185832,
    "dst_lag_2": -12.95326948794818,
    "dst_lag_3": -12.953212445413463,
    "dst_lag_4": -12.953155402878746,
    "dst_lag_5": -12.953117374522268,
    "dst_lag_6": -12.953085684225204,
    "dst_lag_7": -12.953066670046965,
    "dst_lag_8": -12.953073008106378,
    "dst_lag_9": -12.953098360344029,
    "dst_lag_10": -12.953111036462856,
    "dst_lag_11": -12.953130050641095,
    "dst_lag_12": -12.953136388700507,
    "dst_mean_6h": -12.953225121532292,
    "dst_std_6h": 4.345730219631676,
    "dst_derivative": -6.338059412968937e-06
  },
  "std": {
    "dst": 20.893934462713705,
    "dst_lag_1": 20.893938543722683,
    "dst_lag_2": 20.893951834270258,
    "dst_lag_3": 20.893977642691517,
    "dst_lag_4": 20.894003450925165,
    "dst_lag_5": 20.894014286061164,
    "dst_lag_6": 20.894025590372124,
    "dst_lag_7": 20.894035103037226,
    "dst_lag_8": 20.894031325461302,
    "dst_lag_9": 20.894015608441148,
    "dst_lag_10": 20.89400896329637,
    "dst_lag_11": 20.89400036061531,
    "dst_lag_12": 20.89399749305032,
    "dst_mean_6h": 20.08738275529046,
    "dst_std_6h": 4.5585693692014235,
    "dst_derivative": 6.202094061145167
  }
}