{
  "ssn_mean_1944h": {
    "method": "z",
    "mean": 78.784772634899,
    "std": 56.61154408578396
  },
  "log_ssn": {
    "method": "z",
    "mean": 3.67574756002702,
    "std": 1.610076724760833
  },
  "ssn_anomaly_81d": {
    "method": "z",
    "mean": 0.0,
    "std": 1.0
  },
  "ssn_anomaly_frac_1944h": {
    "method": "z",
    "mean": 0.4350179471411584,
    "std": 0.1528027232232413
  },
  "ssn_std_1944h": {
    "method": "z",
    "mean": 30.17742463031174,
    "std": 15.13876186239177
  },
  "ssn_slope_27d": {
    "method": "robust",
    "median": 0.0,
    "iqr": 1.7037037037037037
  },
  "ssn_trend_1296h": {
    "method": "robust",
    "median": 0.0,
    "iqr": 0.9259259259259259
  }
}