{
  "learning_rate": 0.007137101939123591,
  "val_logloss": 0.08349856840647228,
  "trial_number": 0
}