{
  "ap": {
    "mean": 10.531249801935644,
    "std": 16.41958177398607
  },
  "ap_3h_change": {
    "mean": 6.338059412968937e-06,
    "std": 6.348343014557744
  },
  "kp_lag_1": {
    "mean": 1.8486092713133095,
    "std": 1.379937089332298
  },
  "kp_lag_2": {
    "mean": 1.8486071544014653,
    "std": 1.3799391581952012
  },
  "kp_lag_3": {
    "mean": 1.8486050374896212,
    "std": 1.3799412270517553
  },
  "kp_lag_6": {
    "mean": 1.8486156030346628,
    "std": 1.3799324315397583
  },
  "kp_lag_12": {
    "mean": 1.84862405166786,
    "std": 1.3799257047997977
  },
  "kp_mean_6h": {
    "mean": 1.8486085625069972,
    "std": 1.2967042002080296
  },
  "kp_mean_12h": {
    "mean": 1.848613492460879,
    "std": 1.2319846263758758
  },
  "kp_max_6h": {
    "mean": 2.3014722297926817,
    "std": 1.4389371647141622
  },
  "kp_max_12h": {
    "mean": 2.6224033097346258,
    "std": 1.4577823080892642
  },
  "kp_max_24h": {
    "mean": 3.020153228924368,
    "std": 1.4721162624235515
  },
  "kp_delta_3h": {
    "mean": 6.350735531794919e-06,
    "std": 0.8478896779375102
  },
  "kp_delta_6h": {
    "mean": -4.214809509624011e-06,
    "std": 1.078214996972549
  },
  "kp_accel": {
    "mean": 1.0565545041418829e-05,
    "std": 0.847893832403538
  },
  "kp_dist_to_5": {
    "mean": -3.151388611774847,
    "std": 1.3799350204630452
  },
  "kp_dist_to_6": {
    "mean": -4.1513886117748475,
    "std": 1.3799350204630452
  },
  "kp_dist_to_7": {
    "mean": -5.1513886117748475,
    "std": 1.3799350204630452
  },
  "ap_sum_24h": {
    "mean": 252.7508508844762,
    "std": 304.05209844579235
  },
  "ap_max_24h": {
    "mean": 22.003809173707193,
    "std": 28.683697981737037
  },
  "ap_mean_12h": {
    "mean": 10.531256139995056,
    "std": 14.156406339921027
  },
  "ap_energy_rolling": {
    "mean": 9132.20179747365,
    "std": 46047.89826490922
  }
}