{
  "ap": {
    "mean": 10.531249801935644,
    "std": 16.41958177398607
  },
  "ap_3h_change": {
    "mean": 6.338059412968937e-06,
    "std": 6.348343014557744
  }
}