{
  "saved_at_utc": "2026-01-10T16:47:27.896477+00:00",
  "hyperparameters": {
    "n_estimators": 346,
    "max_depth": 4,
    "learning_rate": 0.029822746322881087,
    "subsample": 0.7048627028917613,
    "colsample_bytree": 0.8090356678400554,
    "min_child_weight": 2.4071737636511,
    "gamma": 4.023855887557015,
    "reg_alpha": 0.07344489366639088,
    "reg_lambda": 2.160850368545761
  },
  "scale_pos_weight": 2.863863447127394,
  "feature_count": 20,
  "pruning_target": 20,
  "metrics": {
    "validation_average_precision": 0.579259113216458,
    "test_average_precision": 1.0,
    "test_roc_auc": 0.8777274998325258,
    "test_precision": 0.7010614663046162,
    "test_recall": 0.5189110177233692
  }
}