{
  "learning_rate": 0.013534730668818953,
  "val_mae": 0.2556760013103485,
  "trial_number": 165
}