{
  "val_logloss_raw": 0.00020814668744175837,
  "val_logloss_calibrated": 7.71486901973576e-05,
  "train_logloss_raw": 0.00036222069572632313,
  "train_logloss_calibrated": 0.0003532876537188472,
  "val_brier_raw": 6.608278950479235e-05,
  "val_brier_calibrated": 2.378166528733008e-05,
  "train_brier_raw": 6.98942376714376e-05,
  "train_brier_calibrated": 0.00011866752415258925
}