{
  "saved_at_utc": "2026-01-10T22:53:08.724069+00:00",
  "hyperparameters": {
    "n_estimators": 726,
    "max_depth": 4,
    "learning_rate": 0.048034455320064534,
    "subsample": 0.8240737241004209,
    "colsample_bytree": 0.8037947064908203,
    "min_child_weight": 7.5610647844747385,
    "gamma": 1.9680146373496656,
    "reg_alpha": 0.00022000654003096013,
    "reg_lambda": 3.1931986979561193
  },
  "feature_count": 20,
  "pruning_method": "permutation_importance_validation",
  "severity_weighting": {
    "definition": "Uniform weights",
    "alpha": 0.0,
    "mean_positive_severity": 0.0,
    "mean_positive_weight": 1.0,
    "max_weight": 1.0
  },
  "validation_metrics": {
    "recall": 0.26865671641791045,
    "precision": 0.6990291262135923,
    "accuracy": 0.9611367916452662,
    "average_precision": 0.3642868759510365,
    "roc_auc": 0.8354118069262515
  },
  "test_metrics": {
    "recall": 0.34288747346072185,
    "precision": 0.5303776683087028,
    "accuracy": 0.954561429934227,
    "average_precision": 0.45088748717140475,
    "roc_auc": 0.9093639804301671
  }
}