{
  "kp_delta_1h": {
    "method": "z",
    "mean": 2.116911843931828e-06,
    "std": 0.48952933380948105
  },
  "kp_delta_3h": {
    "method": "z",
    "mean": 6.350735531794925e-06,
    "std": 0.8478896779375104
  },
  "kp_delta_6h": {
    "method": "z",
    "mean": -4.2148095096242255e-06,
    "std": 1.078214996972549
  },
  "kp_slope_6h": {
    "method": "z",
    "mean": 2.4428691851716646e-07,
    "std": 0.21136209785340043
  }
}