{
  "max_depth": 4,
  "min_child_weight": 15.278461292712068,
  "gamma": 2.2834684551271844,
  "subsample": 0.5555157285853447,
  "colsample_bytree": 0.7245898943440932,
  "learning_rate": 0.007137101939123591,
  "n_estimators": 807,
  "early_stopping_rounds": 65,
  "val_logloss": 0.07862598775207548
}