{
  "logloss": 0.5210567095000544,
  "accuracy": 0.7712122267902353,
  "precision": 0.5323846112223365,
  "recall": 0.89064904498959,
  "f1": 0.666418314819832,
  "positive_rate": 0.42926160778575245,
  "roc_auc": 0.9083726386257768
}