{
  "horizon_hours": 4,
  "metrics": {
    "watch_raw": {
      "precision": 0.5323846112223365,
      "recall": 0.89064904498959,
      "positive_rate": 0.42926160778575245
    },
    "warning_raw": {
      "precision": 0.5862688482515239,
      "recall": 0.8271023807368516,
      "positive_rate": 0.3619956797435719
    },
    "watch_confirmed": {
      "precision": 0.5448109231893016,
      "recall": 0.8777043541232914,
      "positive_rate": 0.41337421317910483
    },
    "warning_confirmed": {
      "precision": 0.5997724077916862,
      "recall": 0.8110799312030416,
      "positive_rate": 0.3469909181706269
    },
    "watch_final": {
      "precision": 0.5392438475273659,
      "recall": 0.6287679913098578,
      "positive_rate": 0.2991893712400994
    },
    "warning_final": {
      "precision": 0.5936043259369755,
      "recall": 0.5763555716484113,
      "positive_rate": 0.24913478735512043
    }
  }
}