{
  "density": {
    "mean": 3.9381219670177954,
    "std": 4.740335994277377
  },
  "speed": {
    "mean": 429.28526806106356,
    "std": 111.76060611314675
  },
  "temperature": {
    "mean": 85334.67464335966,
    "std": 88903.94761976534
  },
  "bx_gse": {
    "mean": 0.03748674089468366,
    "std": 3.5354121523247057
  },
  "by_gse": {
    "mean": 0.07836374706188315,
    "std": 3.9801588825348775
  },
  "bz_gse": {
    "mean": 0.011289907397178302,
    "std": 2.9445286857598956
  },
  "bt": {
    "mean": 5.926579604044731,
    "std": 3.1993812033574174
  },
  "clock_angle": {
    "mean": -0.0003846536998968025,
    "std": 1.7337263454352603
  },
  "sin_half_clock": {
    "mean": 0.0015807290636762575,
    "std": 0.706755853999308
  },
  "sin_half_clock_sq": {
    "mean": 0.49950316998166683,
    "std": 0.29573761254879827
  },
  "sin_half_clock_4": {
    "mean": 0.3369635979664594,
    "std": 0.308182849475179
  },
  "sin_half_clock_8_3": {
    "mean": 0.43000410780277687,
    "std": 0.3051036877883831
  },
  "bz_south": {
    "mean": -0.9765311238356251,
    "std": 1.85326264380045
  },
  "ey": {
    "mean": -7.799645666203672,
    "std": 1355.7835140702093
  },
  "vbs": {
    "mean": 419.19227377541904,
    "std": 857.7736721694087
  },
  "vbs_squared": {
    "mean": 1899.2098128031175,
    "std": 14182.638229402908
  },
  "dynamic_pressure": {
    "mean": 1.328666804190085e-06,
    "std": 1.5958671509787837e-06
  },
  "pd_sqrt": {
    "mean": 0.0009051459464555792,
    "std": 0.0007137092183033641
  },
  "epsilon": {
    "mean": 6838.692533215055,
    "std": 22154.20557865811
  },
  "newell_dphi_dt": {
    "mean": 4602.832503457604,
    "std": 4469.105129606749
  },
  "kan_lee_efield": {
    "mean": 1297.4790638256673,
    "std": 1280.4710733204631
  },
  "boyle_index": {
    "mean": 19.62395245744208,
    "std": 41.714792288282794
  },
  "delta_bz": {
    "mean": -2.2756591195414736e-05,
    "std": 2.2798143259176884
  },
  "delta_bt": {
    "mean": -1.0192021994367446e-05,
    "std": 0.9164005570969761
  },
  "delta_speed": {
    "mean": -0.0005442547351064764,
    "std": 19.548240410582377
  },
  "bx_gse_lag_1h": {
    "mean": 0.0374938775497277,
    "std": 3.535406073898087
  },
  "bx_gse_lag_2h": {
    "mean": 0.037496068828206545,
    "std": 3.5354043706739833
  },
  "bx_gse_lag_3h": {
    "mean": 0.03748543969135336,
    "std": 3.5354089110141227
  },
  "by_gse_lag_1h": {
    "mean": 0.07834820191464426,
    "std": 3.980149451685336
  },
  "by_gse_lag_2h": {
    "mean": 0.07835075826511549,
    "std": 3.9801517580984105
  },
  "by_gse_lag_3h": {
    "mean": 0.07833831876713754,
    "std": 3.98014610427602
  },
  "bz_gse_lag_1h": {
    "mean": 0.011312663988373724,
    "std": 2.944546355066632
  },
  "bz_gse_lag_2h": {
    "mean": 0.011322349388484074,
    "std": 2.9445518177441645
  },
  "bz_gse_lag_3h": {
    "mean": 0.011355769976027089,
    "std": 2.9445766685006927
  },
  "bt_lag_1h": {
    "mean": 5.926589796066725,
    "std": 3.1993815201652165
  },
  "bt_lag_2h": {
    "mean": 5.926601334292082,
    "std": 3.1993804970410458
  },
  "bt_lag_3h": {
    "mean": 5.926616783945434,
    "std": 3.199376266162246
  },
  "speed_lag_1h": {
    "mean": 429.28581231579864,
    "std": 111.76029498517195
  },
  "speed_lag_2h": {
    "mean": 429.2863451541065,
    "std": 111.75998709532148
  },
  "speed_lag_3h": {
    "mean": 429.28683710019794,
    "std": 111.75971604733891
  },
  "density_lag_1h": {
    "mean": 3.93811844776881,
    "std": 4.740333634464648
  },
  "density_lag_2h": {
    "mean": 3.9381260321839426,
    "std": 4.740337964343794
  },
  "density_lag_3h": {
    "mean": 3.938129532705922,
    "std": 4.740339931245429
  },
  "vbs_lag_1h": {
    "mean": 419.192273775419,
    "std": 857.7736721694087
  },
  "vbs_lag_2h": {
    "mean": 419.192273775419,
    "std": 857.7736721694087
  },
  "vbs_lag_3h": {
    "mean": 419.19136558540026,
    "std": 857.7740401450369
  },
  "epsilon_lag_1h": {
    "mean": 6838.682140567479,
    "std": 22154.20839767289
  },
  "epsilon_lag_2h": {
    "mean": 6838.681801180965,
    "std": 22154.20848741478
  },
  "epsilon_lag_3h": {
    "mean": 6838.671687047409,
    "std": 22154.21124472015
  },
  "newell_dphi_dt_lag_1h": {
    "mean": 4602.819116594251,
    "std": 4469.115548022628
  },
  "newell_dphi_dt_lag_2h": {
    "mean": 4602.8181144438495,
    "std": 4469.1162218053705
  },
  "newell_dphi_dt_lag_3h": {
    "mean": 4602.801377750016,
    "std": 4469.1284476439205
  },
  "hours_bz_south_last_6h": {
    "mean": 0.21071512324356528,
    "std": 0.8045108044320181
  },
  "hours_bz_south_last_12h": {
    "mean": 0.42143024648713057,
    "std": 1.385284595936621
  },
  "newell_dphi_dt_max_6h": {
    "mean": 7779.838690260695,
    "std": 5314.73739537667
  },
  "epsilon_max_6h": {
    "mean": 13574.09281504338,
    "std": 35738.2141207631
  },
  "vbs_max_6h": {
    "mean": 987.7922029914785,
    "std": 1212.7719672717417
  },
  "delta_pdyn_1h": {
    "mean": -3.937728773503279e-12,
    "std": 6.208254385972284e-07
  },
  "pdyn_max_3h": {
    "mean": 1.517953592498925e-06,
    "std": 1.8637433967472052e-06
  },
  "bz_turning_rate_3h": {
    "mean": 2.4784148100959085,
    "std": 2.2412688726053283
  },
  "bz_flip_flag_2h": {
    "mean": 0.45143461974812554,
    "std": 0.4976373914979355
  },
  "vbs_int_6h": {
    "mean": 2515.1471250737177,
    "std": 4017.213605164896
  },
  "newell_dphi_dt_int_6h": {
    "mean": 27616.835356953074,
    "std": 21184.140586080222
  },
  "bz_std_6h": {
    "mean": 1.602204955124768,
    "std": 1.3164027489958676
  },
  "bt_std_6h": {
    "mean": 0.6533223421558684,
    "std": 0.787647862842867
  }
}