{
  "dst_delta_1h": {
    "mean": -2.535223765187575e-05,
    "std": 6.87510728585638
  },
  "dst_delta_3h": {
    "mean": -0.0001394373070853166,
    "std": 10.611137435951148
  },
  "dst_delta_6h": {
    "mean": -0.00022817013886688173,
    "std": 13.921701544924545
  },
  "dst_slope_6h": {
    "mean": -4.454750330258239e-05,
    "std": 2.656694883798272
  }
}