{
  "logloss": 0.5448569454093988,
  "accuracy": 0.7663879210220673,
  "precision": 0.526803118908382,
  "recall": 0.8806915904770526,
  "f1": 0.6592580044045401,
  "positive_rate": 0.42898954703832753,
  "roc_auc": 0.9012028894582252
}