{
  "horizon_hours": 8,
  "metrics": {
    "watch_raw": {
      "precision": 0.5259464751958225,
      "recall": 0.8752602516520323,
      "positive_rate": 0.4270482473460475
    },
    "warning_raw": {
      "precision": 0.5856974767943522,
      "recall": 0.8110799312030416,
      "positive_rate": 0.3553624939022974
    },
    "watch_confirmed": {
      "precision": 0.5381264848964815,
      "recall": 0.8611387707069793,
      "positive_rate": 0.4106483309716834
    },
    "warning_confirmed": {
      "precision": 0.5997403129911844,
      "recall": 0.7944238254729791,
      "positive_rate": 0.33991498060349834
    },
    "watch_final": {
      "precision": 0.5334948800125069,
      "recall": 0.6178147913460668,
      "positive_rate": 0.29717298891960325
    },
    "warning_final": {
      "precision": 0.5957446808510638,
      "recall": 0.5652213270571196,
      "positive_rate": 0.2434667471950568
    }
  }
}