{
  "logloss": 0.5546010351431298,
  "accuracy": 0.7655462380078515,
  "precision": 0.5259464751958225,
  "recall": 0.8752602516520323,
  "f1": 0.6570622812680507,
  "positive_rate": 0.4270482473460475,
  "roc_auc": 0.8990280304457524
}